url,social_media_links,tech_stack,meta_title,meta_description,payment_gateways,website_language,category
https://www.python.org,"['https://www.linkedin.com/company/python-software-foundation/', 'https://twitter.com/ThePSF']",['jQuery'],Welcome to Python.org,The official home of the Python Programming Language,[],en,News
https://www.djangoproject.com,['https://twitter.com/djangoproject'],['jQuery'],The web framework for perfectionists with deadlines | Django,,['Stripe'],en,News
https://www.paypal.com,[],[],,,[],,Other
https://stripe.com,[],[],Stripe | Financial Infrastructure to Grow Your Revenue,"Stripe powers online and in-person payment processing and financial solutions for businesses of all sizes. Accept payments, send payouts, and automate financial processes with a suite of APIs and no-code tools.",['Stripe'],en-IN,News
https://razorpay.com,"['https://facebook.com/razorpay', 'https://twitter.com/razorpay', 'https://instagram.com/razorpay', 'https://linkedin.com/company/razorpay']",[],Razorpay - Best Payment Solution for Online Payments India,"Online Payments India: Start Accepting Payments Instantly with Razorpay's Payment suite, which Supports Netbanking, Credit card & Debit Cards, UPI, etc.",['Razorpay'],en,News
https://www.shopify.com,"['/facebook-instagram', '/facebook-instagram', 'https://www.facebook.com/shopify', 'https://twitter.com/shopify', 'https://www.youtube.com/user/shopify', 'https://www.instagram.com/shopify/', 'https://www.linkedin.com/company/shopify', 'https://www.pinterest.com/shopify/']",[],Start and grow your e-commerce business - 3-Day Free Trial - Shopify USA,Try Shopify free and start a business or grow an existing one. Get more than ecommerce software with tools to manage every part of your business.,['PayPal'],en,News
https://www.wordpress.com,"['https://www.facebook.com/WordPresscom/', 'https://twitter.com/wordpressdotcom', 'https://www.instagram.com/wordpressdotcom/', 'https://www.youtube.com/WordPressdotcom']",['WordPress'],"WordPress.com: Build a Site, Sell Your Stuff, Start a Blog & More","Build a site, sell online, earn with your content, and more",[],en,News
https://www.medium.com,[],[],Medium – Where good ideas find you.,"Medium is an open platform where readers find dynamic thinking, and where expert and undiscovered voices can share their writing on any topic.","['PayPal', 'Stripe']",en,News
https://www.facebook.com,"['https://www.facebook.com/recover/initiate/?privacy_mutation_token=eyJ0eXBlIjowLCJjcmVhdGlvbl90aW1lIjoxNzE4NzgwNTk5LCJjYWxsc2l0ZV9pZCI6MzgxMjI5MDc5NTc1OTQ2fQ%3D%3D&ars=facebook_login&next', 'https://hi-in.facebook.com/', 'https://ur-pk.facebook.com/', 'https://gu-in.facebook.com/', 'https://kn-in.facebook.com/', 'https://pa-in.facebook.com/', 'https://ta-in.facebook.com/', 'https://bn-in.facebook.com/', 'https://te-in.facebook.com/', 'https://ml-in.facebook.com/', 'https://en-gb.facebook.com/', 'https://www.facebook.com/watch/', 'https://pay.facebook.com/', 'https://l.facebook.com/l.php?u=https%3A%2F%2Fwww.instagram.com%2F&h=AT1x2QJzXudhoblYUIqfVgpK7zwJOc4Y-Tpmvst88G-AcP-PqW3CI4Bz0zj59HvkQLXMC64kxbiDRICG1151LV9a_ceE3uiR7512i3BQj5VDiMYLSw3mJjY0GA1PqKTxJ6w3Ki1zQjdewtirGe5AiLiFMj-xJBFePjX1pQ', '/privacy/policy/?entry_point=facebook_page_footer', '/privacy/center/?entry_point=facebook_page_footer', 'https://developers.facebook.com/?ref=pf', 'https://www.facebook.com/help/568137493302217']",[],Facebook - लॉग इन किंवा साइन अप,"तुमचे मित्र, कुटुंब आणि तुमच्या ओळखीच्या लोकांशी शेअर करण्यासाठी आणि कनेक्ट होण्यासाठी Facebook मध्ये लॉग इन करा.",[],mr,News
https://twitter.com,"['https://help.twitter.com/using-twitter/twitter-supported-browsers', 'https://twitter.com/tos', 'https://twitter.com/privacy', 'https://support.twitter.com/articles/20170514', 'https://legal.twitter.com/imprint.html', 'https://business.twitter.com/en/help/troubleshooting/how-twitter-ads-work.html?ref=web-twc-ao-gbl-adsinfo&utm_source=twc&utm_medium=web&utm_campaign=ao&utm_content=adsinfo', 'https://help.x.com/rules-and-policies/twitter-cookies', 'https://business.x.com/en/help/troubleshooting/how-twitter-ads-work.html?ref=web-twc-ao-gbl-adsinfo&utm_source=twc&utm_medium=web&utm_campaign=ao&utm_content=adsinfo', 'https://ads.x.com/?ref=gl-tw-tw-twitter-advertise', 'https://business.x.com/?ref=web-twc-ao-gbl-twitterforbusiness&utm_source=twc&utm_medium=web&utm_campaign=ao&utm_content=twitterforbusiness']",[],X. It’s what’s happening / X,"From breaking news and entertainment to sports and politics, get the full story with all the live commentary.",['Stripe'],en,News
https://www.wikipedia.org,[],[],Wikipedia,"Wikipedia is a free online encyclopedia, created and edited by volunteers around the world and hosted by the Wikimedia Foundation.",[],en,News
https://www.github.com,"['https://www.facebook.com/GitHub', 'https://www.linkedin.com/company/github', 'https://www.youtube.com/github']",['React'],GitHub: Let’s build from here · GitHub,"GitHub is where over 100 million developers shape the future of software, together. Contribute to the open source community, manage your Git repositories, review code like a pro, track bugs and features, power your CI/CD and DevOps workflows, and secure code before you commit it.",[],en,News
https://www.stackoverflow.com,"['https://www.facebook.com/officialstackoverflow/', 'https://twitter.com/stackoverflow', 'https://linkedin.com/company/stack-overflow', 'https://www.instagram.com/thestackoverflow']",['jQuery'],"Stack Overflow - Where Developers Learn, Share, & Build Careers","Stack Overflow is the largest, most trusted online community for developers to learn, share​ ​their programming ​knowledge, and build their careers.",[],en,News
https://www.reddit.com,[],[],Blocked,,[],,Technology
https://www.bbc.com,[],[],"BBC Home - Breaking News, World News, US News, Sports, Business, Innovation, Climate, Culture, Travel, Video & Audio","Visit BBC for trusted reporting on the latest world and US news, sports, business, climate, innovation, culture and much more.",[],en-GB,News
https://www.cnn.com,"['https://facebook.com/CNN', 'https://twitter.com/CNN', 'https://instagram.com/CNN', 'https://www.linkedin.com/company/cnn', 'https://facebook.com/CNN', 'https://twitter.com/CNN', 'https://instagram.com/CNN', 'https://www.linkedin.com/company/cnn']",[],"Breaking News, Latest News and Videos | CNN","View the latest news and breaking news today for U.S., world, weather, entertainment, politics and health at CNN.com.",['Stripe'],en,News
https://www.nytimes.com,[],[],"The New York Times - Breaking News, US News, World News and Videos","Live news, investigations, opinion, photos and video by the journalists of The New York Times from more than 150 countries around the world. Subscribe for coverage of U.S. and international news, politics, business, technology, science, health, arts, sports and more.",[],en,News
https://www.theguardian.com,"['https://www.facebook.com/theguardian', 'https://www.youtube.com/user/TheGuardian', 'https://www.instagram.com/guardian', 'https://www.linkedin.com/company/theguardian']",[],"Latest news, sport and opinion from the Guardian","Latest international news, sport and comment from the Guardian",['Stripe'],en,News
https://www.techcrunch.com,"['https://techcrunch.com/tag/instagram/', 'https://techcrunch.com/video/techcrunch-minute-youtube-is-serious-about-blocking-ad-blockers/', 'https://techcrunch.com/video/techcrunch-minute-youtube-is-serious-about-blocking-ad-blockers/', 'https://www.facebook.com/techcrunch', 'https://twitter.com/techcrunch', 'https://www.youtube.com/user/techcrunch', 'https://instagram.com/techcrunch', 'https://www.linkedin.com/company/techcrunch']",['WordPress'],TechCrunch | Startup and Technology News,"TechCrunch | Reporting on the business of technology, startups, venture capital funding, and Silicon Valley",[],en-US,News
https://www.wired.com,"['https://www.wired.com/video/watch/tech-support-lando-norris-and-oscar-piastri-answer-formula-1-questions-from-twitter', 'https://www.wired.com/video/watch/tech-support-lando-norris-and-oscar-piastri-answer-formula-1-questions-from-twitter', 'https://www.facebook.com/wired/', 'https://twitter.com/wired/', 'https://pinterest.com/wired/', 'https://www.youtube.com/user/wired/', 'https://instagram.com/wired/']",[],"WIRED - The Latest in Technology, Science, Culture and Business | WIRED","We bring you the future as it happens. From the latest in science and technology to the big stories in business and culture, we've got you covered.",['Stripe'],en-US,News
https://www.huffpost.com,"['https://www.facebook.com/HuffPost', 'https://www.twitter.com/HuffPost', 'https://www.instagram.com/HuffPost', 'https://www.huffpost.com/entry/instagram-behavior-in-new-relationship_l_666a2f7de4b076909e1d059c', 'https://www.huffpost.com/entry/instagram-behavior-in-new-relationship_l_666a2f7de4b076909e1d059c']",[],"HuffPost - Breaking News, U.S. and World News | HuffPost","Read the latest headlines, news stories, and opinion from Politics, Entertainment, Life, Perspectives, and more.",[],en,News
https://www.bloomberg.com,[],[],Bloomberg - Are you a robot?,,[],en,News
https://www.forbes.com,[],[],,,[],,Other
https://www.wsj.com,[],[],wsj.com,,[],,Fashion
https://www.cnet.com,"['https://www.instagram.com/cnet/', 'https://www.youtube.com/user/CNETTV/', 'http://www.facebook.com/cnet']",[],"CNET: Product reviews, advice, how-tos and the latest news","Get full-length product reviews, the latest news, tech coverage, daily deals, and category deep dives from CNET experts worldwide.",[],en,News
https://www.theverge.com,"['/2024/6/18/24181215/tiktok-whee-app-instagram', '/2024/6/18/24181215/tiktok-whee-app-instagram?showComments=1', '/2024/6/18/24181215/tiktok-whee-app-instagram', '/2024/6/18/24181215/tiktok-whee-app-instagram', '/2023/10/26/23934216/x-twitter-bank-elon-musk-2024', '/2024/6/17/24180058/youtube-notes-test-community-sourced-context-videos', '/2024/6/17/24180058/youtube-notes-test-community-sourced-context-videos?showComments=1', 'https://www.youtube.com/watch?v=FdL35g4OY64&ab_channel=crizzl', 'https://www.youtube.com/watch?v=44mTfEcP76o&ab_channel=Chill%26RelaxwithVisualEffects']",[],The Verge,"The Verge is about technology and how it makes us feel. Founded in 2011, we offer our audience everything from breaking news to reviews to award-winning features and investigations, on our site, in video, and in podcasts.",['Stripe'],en,News
https://www.engadget.com,"['/entertainment/youtube/', 'https://www.facebook.com/Engadget/', 'https://twitter.com/engadget/', 'https://www.youtube.com/user/engadget', '/entertainment/youtube/', 'https://www.facebook.com/Engadget/', 'https://twitter.com/engadget/', 'https://www.youtube.com/user/engadget', 'https://www.facebook.com/Engadget/', 'https://twitter.com/engadget/', 'https://www.youtube.com/user/engadget', 'https://www.instagram.com/engadget/', 'https://www.linkedin.com/company/engadget/']",[],Engadget | Technology News & Reviews,"Find the latest technology news and expert tech product reviews. Learn about the latest gadgets and consumer tech products for entertainment, gaming, lifestyle and more.",[],en-US,News
https://www.ted.com,"['https://www.linkedin.com/company/ted-conferences/', 'https://twitter.com/tedtalks', 'https://instagram.com/ted', 'https://www.youtube.com/ted', 'https://www.facebook.com/TED']",[],TED: Ideas change everything,"TED Talks are influential videos from expert speakers on education, business, science, tech and creativity, with subtitles in 100+ languages. Ideas free to stream and download.",['Stripe'],,News
https://www.imdb.com,[],[],403 Forbidden,,[],,Other
https://www.amazon.com,[],[],,,[],,Other
https://www.ebay.com,"['https://www.facebook.com/eBay', 'https://twitter.com/eBay']",['jQuery'],"Electronics, Cars, Fashion, Collectibles & More | eBay","Buy & sell electronics, cars, clothes, collectibles & more on eBay, the world's online marketplace. Top brands, low prices & free shipping on many items.",['PayPal'],en,News
https://www.alibaba.com,"['https://www.facebook.com/Alibaba.comGlobal?file=Alibaba.comGlobal', 'https://www.linkedin.com/company/alibaba-com', 'https://twitter.com/AlibabaB2B?', 'https://www.instagram.com/alibaba.com_official', 'https://www.youtube.com/channel/UCSoIxtP6J6oNo_d1njSluxw?']",['React'],"Alibaba.com: Manufacturers, Suppliers, Exporters & Importers from the world's largest online B2B marketplace","Find quality Manufacturers, Suppliers, Exporters, Importers, Buyers, Wholesalers, Products and Trade Leads from our award-winning International Trade Site. Import & Export on alibaba.com",[],,News
https://www.netflix.com,[],[],"Netflix India – Watch TV Shows Online, Watch Movies Online","Watch Netflix movies & TV shows online or stream right to your smart TV, game console, PC, Mac, mobile, tablet and more.",['PayPal'],en,News
https://www.disneyplus.com,[],[],"Disney+ Hotstar - Watch TV Shows, Movies, Specials, Live Cricket & Football","Disney+ Hotstar is India’s largest premium streaming platform with more than 100,000 hours of drama and movies in 17 languages, and coverage of every major global sporting event",[],eng,News
https://www.hulu.com,"['//www.facebook.com/hulu', '//twitter.com/hulu', '//www.youtube.com/channel/UCE5mQnNl8Q4H2qcv4ikaXeA', '//www.instagram.com/hulu']",[],Watch Thousands of Shows and Movies | Hulu,"Stream full seasons of exclusive series, current-season episodes, hit movies, Hulu Originals, kids shows, and more. Watch on your TV, laptop, phone, or tablet. Free trial available for new and eligible returning subscribers.",[],en,News
https://www.spotify.com,"['https://instagram.com/spotify', 'https://twitter.com/spotify', 'https://www.facebook.com/Spotify']",[],Spotify - Web Player: Music for everyone,Spotify is a digital music service that gives you access to millions of songs.,[],en,News
https://www.apple.com,[],[],Apple,,[],en-US,News
https://www.microsoft.com,"['https://www.facebook.com/MicrosoftIndia', 'https://twitter.com/microsoftindia', 'https://www.youtube.com/user/IndiaMicrosoftVideos']",['jQuery'],"Microsoft – Cloud, Computers, Apps & Gaming","Explore Microsoft products and services for your home or business. Shop Surface, Microsoft 365, Xbox, Windows, Azure and more. Find downloads and get support.",[],en-IN,News
https://www.google.com,[],[],Google,,[],en-IN,News
https://www.yahoo.com,[],['React'],"Yahoo | Mail, Weather, Search, Politics, News, Finance, Sports & Videos","Latest news coverage, email, free stock quotes, live scores and video are just the beginning. Discover more every day at Yahoo!",[],en-US,News
https://www.bing.com,[],[],Bing,"Bing helps you turn information into action, making it faster and easier to go from searching to doing.",[],en,News
https://www.linkedin.com,"['/legal/user-agreement?trk=linkedin-tc_auth-button_user-agreement', '/legal/privacy-policy?trk=linkedin-tc_auth-button_privacy-policy', '/legal/cookie-policy?trk=linkedin-tc_auth-button_cookie-policy', 'https://www.linkedin.com/pulse/topics/home/?trk=guest_homepage-basic_guest_nav_menu_articles', 'https://www.linkedin.com/pub/dir/+/+?trk=guest_homepage-basic_guest_nav_menu_people', 'https://www.linkedin.com/learning/search?trk=guest_homepage-basic_guest_nav_menu_learning', 'https://www.linkedin.com/jobs/search?trk=guest_homepage-basic_guest_nav_menu_jobs', 'https://www.linkedin.com/games?trk=guest_homepage-basic_guest_nav_menu_games', 'https://www.linkedin.com/signup?trk=guest_homepage-basic_nav-header-join', 'https://www.linkedin.com/login?fromSignIn=true&trk=guest_homepage-basic_nav-header-signin', 'https://www.linkedin.com/uas/request-password-reset?trk=homepage-basic_forgot_password', 'https://www.linkedin.com/signup', 'https://www.linkedin.com/pulse/topics/marketing-s2461/', 'https://www.linkedin.com/pulse/topics/public-administration-s3697/', 'https://www.linkedin.com/pulse/topics/healthcare-s282/', 'https://www.linkedin.com/pulse/topics/engineering-s166/', 'https://www.linkedin.com/pulse/topics/it-services-s57547/', 'https://www.linkedin.com/pulse/topics/sustainability-s932/', 'https://www.linkedin.com/pulse/topics/business-administration-s50111/', 'https://www.linkedin.com/pulse/topics/telecommunications-s314/', 'https://www.linkedin.com/pulse/topics/hr-management-s50359/', 'https://www.linkedin.com/pulse/topics/home/', 'https://www.linkedin.com/jobs/engineering-jobs-pune?trk=homepage-basic_suggested-search', 'https://www.linkedin.com/jobs/business-development-jobs-pune?trk=homepage-basic_suggested-search', 'https://www.linkedin.com/jobs/finance-jobs-pune?trk=homepage-basic_suggested-search', 'https://www.linkedin.com/jobs/administrative-assistant-jobs-pune?trk=homepage-basic_suggested-search', 'https://www.linkedin.com/jobs/retail-associate-jobs-pune?trk=homepage-basic_suggested-search', 'https://www.linkedin.com/jobs/customer-service-jobs-pune?trk=homepage-basic_suggested-search', 'https://www.linkedin.com/jobs/operations-jobs-pune?trk=homepage-basic_suggested-search', 'https://www.linkedin.com/jobs/information-technology-jobs-pune?trk=homepage-basic_suggested-search', 'https://www.linkedin.com/jobs/marketing-jobs-pune?trk=homepage-basic_suggested-search', 'https://www.linkedin.com/jobs/human-resources-jobs-pune?trk=homepage-basic_suggested-search', 'https://www.linkedin.com/jobs/healthcare-services-jobs-pune?trk=homepage-basic_suggested-search', 'https://www.linkedin.com/jobs/sales-jobs-pune?trk=homepage-basic_suggested-search', 'https://www.linkedin.com/jobs/program-and-project-management-jobs-pune?trk=homepage-basic_suggested-search', 'https://www.linkedin.com/jobs/accounting-jobs-pune?trk=homepage-basic_suggested-search', 'https://www.linkedin.com/jobs/arts-and-design-jobs-pune?trk=homepage-basic_suggested-search', 'https://www.linkedin.com/jobs/community-and-social-services-jobs-pune?trk=homepage-basic_suggested-search', 'https://www.linkedin.com/jobs/consulting-jobs-pune?trk=homepage-basic_suggested-search', 'https://www.linkedin.com/jobs/education-jobs-pune?trk=homepage-basic_suggested-search', 'https://www.linkedin.com/jobs/entrepreneurship-jobs-pune?trk=homepage-basic_suggested-search', 'https://www.linkedin.com/jobs/legal-jobs-pune?trk=homepage-basic_suggested-search', 'https://www.linkedin.com/jobs/media-and-communications-jobs-pune?trk=homepage-basic_suggested-search', 'https://www.linkedin.com/jobs/military-and-protective-services-jobs-pune?trk=homepage-basic_suggested-search', 'https://www.linkedin.com/jobs/product-management-jobs-pune?trk=homepage-basic_suggested-search', 'https://www.linkedin.com/jobs/purchasing-jobs-pune?trk=homepage-basic_suggested-search', 'https://www.linkedin.com/jobs/quality-assurance-jobs-pune?trk=homepage-basic_suggested-search', 'https://www.linkedin.com/jobs/real-estate-jobs-pune?trk=homepage-basic_suggested-search', 'https://www.linkedin.com/jobs/research-jobs-pune?trk=homepage-basic_suggested-search', 'https://www.linkedin.com/jobs/support-jobs-pune?trk=homepage-basic_suggested-search', 'https://www.linkedin.com/jobs/administrative-jobs-pune?trk=homepage-basic_suggested-search', 'https://www.linkedin.com/talent/post-a-job?trk=homepage-basic_talent-finder-cta', 'https://www.linkedin.com/products/categories/e-commerce-platforms', 'https://www.linkedin.com/products/categories/customer-relationship-management-software', 'https://www.linkedin.com/products/categories/human-resources-management-systems', 'https://www.linkedin.com/products/categories/recruiting-software', 'https://www.linkedin.com/products/categories/sales-intelligence-software', 'https://www.linkedin.com/products/categories/project-management-software', 'https://www.linkedin.com/products/categories/help-desk-software', 'https://www.linkedin.com/products/categories/social-networking-software', 'https://www.linkedin.com/products/categories/desktop-publishing-software', 'https://www.linkedin.com/products/home', 'https://www.linkedin.com/games/pinpoint', 'https://www.linkedin.com/games/queens', 'https://www.linkedin.com/games/crossclimb', 'https://www.linkedin.com/pub/dir/+/+?trk=homepage-basic', 'https://www.linkedin.com/learning/topics/business-analysis-and-strategy?trk=homepage-basic_learning-cta', 'https://www.linkedin.com/learning/topics/business-software-and-tools?trk=homepage-basic_learning-cta', 'https://www.linkedin.com/learning/topics/career-development-5?trk=homepage-basic_learning-cta', 'https://www.linkedin.com/learning/topics/customer-service-3?trk=homepage-basic_learning-cta', 'https://www.linkedin.com/learning/topics/diversity-equity-and-inclusion-dei?trk=homepage-basic_learning-cta', 'https://www.linkedin.com/learning/topics/finance-and-accounting?trk=homepage-basic_learning-cta', 'https://www.linkedin.com/learning/topics/human-resources-3?trk=homepage-basic_learning-cta', 'https://www.linkedin.com/learning/topics/leadership-and-management?trk=homepage-basic_learning-cta', 'https://www.linkedin.com/learning/topics/marketing-2?trk=homepage-basic_learning-cta', 'https://www.linkedin.com/learning/topics/professional-development?trk=homepage-basic_learning-cta', 'https://www.linkedin.com/learning/topics/project-management?trk=homepage-basic_learning-cta', 'https://www.linkedin.com/learning/topics/sales-3?trk=homepage-basic_learning-cta', 'https://www.linkedin.com/learning/topics/small-business-and-entrepreneurship?trk=homepage-basic_learning-cta', 'https://www.linkedin.com/learning/topics/training-and-education?trk=homepage-basic_learning-cta', 'https://www.linkedin.com/learning/topics/aec?trk=homepage-basic_learning-cta', 'https://www.linkedin.com/learning/topics/animation-and-illustration?trk=homepage-basic_learning-cta', 'https://www.linkedin.com/learning/topics/audio-and-music?trk=homepage-basic_learning-cta', 'https://www.linkedin.com/learning/topics/graphic-design?trk=homepage-basic_learning-cta', 'https://www.linkedin.com/learning/topics/motion-graphics-and-vfx?trk=homepage-basic_learning-cta', 'https://www.linkedin.com/learning/topics/photography-2?trk=homepage-basic_learning-cta', 'https://www.linkedin.com/learning/topics/product-and-manufacturing?trk=homepage-basic_learning-cta', 'https://www.linkedin.com/learning/topics/user-experience?trk=homepage-basic_learning-cta', 'https://www.linkedin.com/learning/topics/video-2?trk=homepage-basic_learning-cta', 'https://www.linkedin.com/learning/topics/visualization-and-real-time?trk=homepage-basic_learning-cta', 'https://www.linkedin.com/learning/topics/web-design?trk=homepage-basic_learning-cta', 'https://www.linkedin.com/learning/topics/artificial-intelligence?trk=homepage-basic_learning-cta', 'https://www.linkedin.com/learning/topics/cloud-computing-5?trk=homepage-basic_learning-cta', 'https://www.linkedin.com/learning/topics/security-3?trk=homepage-basic_learning-cta', 'https://www.linkedin.com/learning/topics/data-science?trk=homepage-basic_learning-cta', 'https://www.linkedin.com/learning/topics/database-management?trk=homepage-basic_learning-cta', 'https://www.linkedin.com/learning/topics/devops?trk=homepage-basic_learning-cta', 'https://www.linkedin.com/learning/topics/hardware?trk=homepage-basic_learning-cta', 'https://www.linkedin.com/learning/topics/it-help-desk-5?trk=homepage-basic_learning-cta', 'https://www.linkedin.com/learning/topics/mobile-development?trk=homepage-basic_learning-cta', 'https://www.linkedin.com/learning/topics/network-and-system-administration?trk=homepage-basic_learning-cta', 'https://www.linkedin.com/learning/topics/software-development?trk=homepage-basic_learning-cta', 'https://www.linkedin.com/learning/topics/web-development?trk=homepage-basic_learning-cta', 'https://www.linkedin.com/pub/dir/+/+?trk=homepage-basic_brand-discovery_intent-module-firstBtn', 'https://www.linkedin.com/jobs/jobs-in-pune?trk=homepage-basic_brand-discovery_intent-module-secondBtn', 'https://www.linkedin.com/learning/search?trk=homepage-basic_brand-discovery_intent-module-thirdBtn', 'https://www.linkedin.com/signup?trk=homepage-basic_join-cta', 'https://www.linkedin.com/signup?trk=guest_homepage-basic_directory', 'https://www.linkedin.com/help/linkedin?lang=en&trk=homepage-basic_directory_helpCenterUrl', 'https://about.linkedin.com/?trk=homepage-basic_directory_aboutUrl', 'https://press.linkedin.com/?trk=homepage-basic_directory_pressMicrositeUrl', 'https://blog.linkedin.com/?trk=homepage-basic_directory_blogMicrositeUrl', 'https://www.linkedin.com/company/linkedin/jobs?trk=homepage-basic_directory_careersUrl', 'https://developer.linkedin.com/?trk=homepage-basic_directory_developerMicrositeUrl', 'https://www.linkedin.com/learning/?trk=homepage-basic_directory_learningHomeUrl', 'https://www.linkedin.com/jobs?trk=homepage-basic_directory_jobsHomeUrl', 'https://www.linkedin.com/games?trk=homepage-basic_directory_gameHubUrl', 'https://www.linkedin.com/salary/?trk=homepage-basic_directory_salaryHomeUrl', 'https://mobile.linkedin.com/?trk=homepage-basic_directory_mobileMicrositeUrl', 'https://www.linkedin.com/services?trk=homepage-basic_directory_servicesHomeUrl', 'https://www.linkedin.com/products?trk=homepage-basic_directory_productsHomeUrl', 'https://www.linkedin.com/hubs/top-companies/?trk=homepage-basic_directory_topCompaniesHubHomeUrl', 'https://business.linkedin.com/talent-solutions?src=li-footer&utm_source=linkedin&utm_medium=footer&trk=homepage-basic_directory_talentSolutionsMicrositeUrl', 'https://business.linkedin.com/marketing-solutions?src=li-footer&utm_source=linkedin&utm_medium=footer&trk=homepage-basic_directory_marketingSolutionsMicrositeUrl', 'https://business.linkedin.com/sales-solutions?src=li-footer&utm_source=linkedin&utm_medium=footer&trk=homepage-basic_directory_salesSolutionsMicrositeUrl', 'https://learning.linkedin.com/?src=li-footer&trk=homepage-basic_directory_learningMicrositeUrl', 'https://www.linkedin.com/directory/people?trk=homepage-basic_directory_peopleDirectoryUrl', 'https://www.linkedin.com/directory/jobs?trk=homepage-basic_directory_jobSearchDirectoryUrl', 'https://www.linkedin.com/directory/companies?trk=homepage-basic_directory_companyDirectoryUrl', 'https://www.linkedin.com/directory/featured?trk=homepage-basic_directory_featuredDirectoryUrl', 'https://www.linkedin.com/directory/learning?trk=homepage-basic_directory_learningDirectoryUrl', 'https://www.linkedin.com/directory/posts?trk=homepage-basic_directory_postsDirectoryUrl', 'https://www.linkedin.com/directory/articles?trk=homepage-basic_directory_articlesDirectoryUrl', 'https://www.linkedin.com/directory/schools?trk=homepage-basic_directory_schoolsDirectoryUrl', 'https://www.linkedin.com/directory/news?trk=homepage-basic_directory_newsDirectoryUrl', 'https://www.linkedin.com/directory/newsletters?trk=homepage-basic_directory_newslettersDirectoryUrl', 'https://www.linkedin.com/directory/services?trk=homepage-basic_directory_servicesDirectoryUrl', 'https://www.linkedin.com/directory/products?trk=homepage-basic_directory_productsDirectoryUrl', 'https://www.linkedin.com/directory/advice?trk=homepage-basic_directory_adviceDirectoryUrl', 'https://www.linkedin.com/directory/people-search?trk=homepage-basic_directory_peopleSearchDirectoryUrl', 'https://about.linkedin.com?trk=homepage-basic_footer-about', 'https://www.linkedin.com/accessibility?trk=homepage-basic_footer-accessibility', 'https://www.linkedin.com/legal/user-agreement?trk=homepage-basic_footer-user-agreement', 'https://www.linkedin.com/legal/privacy-policy?trk=homepage-basic_footer-privacy-policy', 'https://www.linkedin.com/legal/cookie-policy?trk=homepage-basic_footer-cookie-policy', 'https://www.linkedin.com/legal/copyright-policy?trk=homepage-basic_footer-copyright-policy', 'https://brand.linkedin.com/policies?trk=homepage-basic_footer-brand-policy', 'https://www.linkedin.com/psettings/guest-controls?trk=homepage-basic_footer-guest-controls', 'https://www.linkedin.com/legal/professional-community-policies?trk=homepage-basic_footer-community-guide']",[],LinkedIn: Log In or Sign Up,"1 billion members | Manage your professional identity. Build and engage with your professional network. Access knowledge, insights and opportunities.",[],en,News
https://www.instagram.com,"['https://about.instagram.com/', 'https://about.instagram.com/blog/', 'https://help.instagram.com/', 'https://developers.facebook.com/docs/instagram', 'https://www.facebook.com/help/instagram/261704639352628']",[],Instagram,Create an account or log in to Instagram - Share what you're into with the people who get you.,['PayPal'],en,News
https://www.pinterest.com,[],['React'],Pinterest,"Discover recipes, home ideas, style inspiration and other ideas to try.",[],en,News
https://www.tumblr.com,['/tagged/source%3A%20twitter'],['WordPress'],Trending topics on Tumblr,"Explore trending topics on Tumblr. See all of the GIFs, fan art, and general conversation about the internet’s favorite things.",[],en-US,News
https://www.quora.com,[],[],Quora - A place to share knowledge and better understand the world,,['Stripe'],en,News
https://www.yelp.com,[],['React'],"Restaurants, Dentists, Bars, Beauty Salons, Doctors - Yelp","User Reviews and Recommendations of Best Restaurants, Shopping, Nightlife, Food, Entertainment, Things to Do, Services and More at Yelp",[],en-US,News
https://www.tripadvisor.com,[],[],tripadvisor.com,,[],,Fashion
https://www.airbnb.com,"['https://www.facebook.com/AirbnbIndia', 'https://twitter.com/airbnb_in', 'https://instagram.com/airbnb', 'https://www.facebook.com/AirbnbIndia', 'https://twitter.com/airbnb_in', 'https://instagram.com/airbnb']",[],"Airbnb | Holiday rentals, cabins, beach houses & more",Get an Airbnb for every kind of trip → 7 million holiday rentals → 2 million Guest Favourites → 220+ countries and regions worldwide,[],en-IN,News
https://www.booking.com,['https://account.booking.com/auth/oauth2?aid=304142&bkng_action=index&redirect_uri=https%3A%2F%2Fsecure.booking.com%2Flogin.html%3Fop%3Doauth_return&dt=1718780822&state=UqwBrmuyJwNuh2DFlU8qJCagdk2Lpi5ZUjHnei0OCO-aTmJxBwSgokAIiEFjqJXa6sekv65BW7bswcm5QXBLAA_YaO6Rr_ghk1_rX65-bP56HotzK75BL95UlHVUX9aFzFFmchq8ry1rj7ruBHgNx3VxHtPOukpCTVPSN60j1JyU7Ja8MNiWfsmwAkju-OmAMU7K4IKi4-yz8MOI-DCCoJEUmrJwcCAOdTXp5s618A&response_type=sso&client_id=vO1Kblk7xX9tUn2cpZLS&lang=en-us&prompt=facebook'],"['jQuery', 'React']","
Booking.com | Official site | The best hotels, flights, car rentals & accommodations 
","Explore the world with Booking.com. Big savings on homes, hotels, flights, car rentals, taxis, and attractions – build your perfect trip on any budget.",[],en-us,News
https://www.expedia.com,[],[],Bot or Not?,,[],,News
https://www.khanacademy.org,"['https://www.facebook.com/khanacademy', 'https://twitter.com/khanacademy', 'https://instagram.com/khanacademy']",[],"Khan Academy | Free Online Courses, Lessons & Practice","Learn for free about math, art, computer programming, economics, physics, chemistry, biology, medicine, finance, history, and more. Khan Academy is a nonprofit with the mission of providing a free, world-class education for anyone, anywhere.",['Stripe'],en,News
https://www.coursera.org,"['https://www.facebook.com/Coursera', 'https://www.linkedin.com/company/coursera', 'https://twitter.com/coursera', 'https://www.youtube.com/user/coursera', 'https://www.instagram.com/coursera/']",[],Coursera India | Online Courses & Credentials From Top Educators. Join for Free,"Learn online and earn valuable credentials from top universities like Indian Institute of Technology Bombay, IIT Roorkee, IIMC, Stanford, and leading companies like Google and IBM. Join Coursera for free and transform your career with degrees, certificates, Specializations, & MOOCs in data science, computer science, business, and dozens of other topics.",[],en,News
https://www.udemy.com,[],[],Just a moment...,,[],en-US,News
https://www.edx.org,[],[],,,['Stripe'],en,News
https://www.duolingo.com,"['https://www.instagram.com/duolingo', 'https://www.facebook.com/duolingo', 'https://twitter.com/duolingo', 'https://www.youtube.com/user/duolingo']",[],Duolingo - The world's best way to learn a language,"With our free mobile app or web and a few minutes a day, everyone can Duolingo. Learn 30+ languages online with bite-size lessons based on science.",[],en,News
https://www.codecademy.com,"['https://twitter.com/Codecademy', 'https://codecademy.com/users/redirect?redirect_url=https://www.facebook.com/groups/codecademy.community', 'https://instagram.com/codecademy', 'https://www.youtube.com/channel/UC5CMtpogD_P3mOoeiDHD5eQ']",[],Learn to Code - for Free | Codecademy,Learn the technical skills to get the job you want. Join over 50 million people choosing Codecademy to start a new career (or advance in their current one).,"['PayPal', 'Stripe']",en,News
https://www.pluralsight.com,"['https://www.facebook.com/pluralsight', 'https://twitter.com/pluralsight', 'https://www.instagram.com/accounts/login/?next=/pluralsight/', 'https://www.linkedin.com/company/pluralsight/mycompany/verification/', 'https://www.youtube.com/pluralsight']",['jQuery'],"Online Courses, Learning Paths, and Certifications - Pluralsight","Pluralsight helps organizations, teams, and individuals build better products with online courses and data-driven insights that fuel skill development and improve processes.",['PayPal'],en,News
https://www.academia.edu,[],[],Academia.edu - Share research,Academia.edu is a place to share and follow research.,[],en,News
https://www.researchgate.net,[],[],Just a moment...,,[],en-US,News
https://www.nationalgeographic.com,[],[],National Geographic,"Explore National Geographic. A world leader in geography, cartography and exploration.",[],en,News
https://www.sciencemag.org,[],[],Just a moment...,,[],en-US,News
https://www.nature.com,"['https://www.facebook.com/Nature', 'https://twitter.com/nature']",[],Nature,"First published in 1869, Nature is the world’s leading multidisciplinary science journal. Nature publishes the finest peer-reviewed research that drives ground-breaking discovery, and is read by thought-leaders and decision-makers around the world.",[],en,News
https://www.newscientist.com,"['https://www.instagram.com/newscientist', 'https://www.facebook.com/newscientist', 'https://www.twitter.com/newscientist', 'https://www.linkedin.com/company/new-scientist/']",[],"New Scientist | Science news, articles, and features","Science news and long reads from expert journalists, covering developments in science, technology, health and the environment on the website and the magazine.",[],en-US,News
https://www.sciencedaily.com,[],[],,,[],,Other
https://www.livescience.com,"['https://www.facebook.com/livescience?cmpid=556687', 'https://twitter.com/LiveScience?cmpid=556688', 'https://www.instagram.com/live_science/?hl=en', 'https://www.youtube.com/user/LiveScienceVideos']",[],Live Science | Latest science news and articles for those with curious minds,"Daily discoveries, groundbreaking research and fascinating science breakthroughs that impact you and the wider world, reported by our expert journalists.",[],en,News
https://www.space.com,"['https://www.facebook.com/spacecom', 'https://twitter.com/SPACEdotcom', 'https://www.instagram.com/spacedotcom/', 'https://www.youtube.com/user/VideoFromSpace']",[],"Space.com: NASA, Space Exploration and Astronomy News","Get the latest space exploration, innovation and astronomy news. Space.com celebrates humanity's ongoing expansion across the final frontier.",[],en,News
https://www.espn.com,"['https://www.facebook.com/ESPNIndia/', 'https://twitter.com/espnindia', 'https://www.instagram.com/espnindia/', 'https://www.facebook.com/ESPN', 'https://twitter.com/espn', 'https://www.instagram.com/espn/', 'https://www.youtube.com/channel/UCiWLfSweyRNmLpgEHekhoAg?ex_cid=espn-footer-follow-us-youtube']",[],ESPN India - Serving Sports Fans. Anytime. Anywhere.,"Visit ESPN for live scores, highlights and sports news. Stream exclusive games on ESPN+ and play fantasy sports.",[],en,News
https://www.nba.com,"['https://www.facebook.com/thesportingnews/', 'https://www.instagram.com/sportingnews/', 'https://www.youtube.com/user/sportingnewsgplus', 'https://twitter.com/sportingnews', 'https://www.linkedin.com/company/thesportingnews/']",['jQuery'],NBA.com India | The official site of the NBA,"The official site of the National Basketball Association. Your home for scores, schedules, stats, League Pass, video recaps, news, fantasy, rankings and more for NBA players and teams.",[],en-in,News
https://www.nfl.com,[],"['jQuery', 'React']",NFL.com | Official Site of the National Football League,"The official source for NFL News, NFL video highlights, Fantasy Football, game-day coverage, NFL schedules, stats, scores & more.",['Stripe'],en-US,News
https://www.mlb.com,[],[],,,[],,Other
https://www.nhl.com,"['https://www.youtube.com/nhl', 'https://www.instagram.com/nhl', 'https://www.facebook.com/NHL', 'https://www.twitter.com/nhl']",[],Official Site of the National Hockey League | NHL.com,"The official National Hockey League website including news, rosters, stats, schedules, teams, and video.",[],en,News
https://www.fifa.com,[],[],,,[],en,News
https://www.olympic.org,[],[],,,[],,Other
https://www.formula1.com,"['https://www.facebook.com/Formula1', 'https://twitter.com/f1', 'https://www.instagram.com/f1/', 'https://www.youtube.com/F1']",[],F1 - The Official Home of Formula 1® Racing,"Enter the world of Formula 1. Your go-to source for the latest F1 news, video highlights, GP results, live timing, in-depth analysis and expert commentary.",[],en,News
https://www.motogp.com,"['https://www.youtube.com/watch?v=t8aD--NbM9A', 'https://www.youtube.com/watch?v=t8aD--NbM9A', 'https://www.youtube.com/watch?v=t8aD--NbM9A', 'https://facebook.com/MotoGP', 'https://instagram.com/motogp', 'https://www.twitter.com/MotoGP', 'https://www.youtube.com/user/MotoGP', 'https://www.linkedin.com/showcase/motogp/', 'https://facebook.com/MotoGP', 'https://instagram.com/motogp', 'https://www.twitter.com/MotoGP', 'https://www.youtube.com/user/MotoGP', 'https://www.linkedin.com/showcase/motogp/']",[],MotoGP™ World Championship | Calendar | Results | Live Streaming,"MotoGP official website with the latest news, calendar, schedules, riders and teams information for every Grand Prix. Live streaming available with VideoPass",[],en,News
https://www.nascar.com,[],[],Attention Required! | Cloudflare,,[],en-US,Technology
https://www.healthline.com,[],[],,,[],,Health
https://www.webmd.com,"['https://www.webmd.com/facebook-groups', 'https://www.facebook.com/WebMD/', 'https://twitter.com/webmd', 'https://www.instagram.com/WebMD/', 'https://www.pinterest.com/webmd/']",['Vue.js'],WebMD - Better information. Better health.,"The leading source for trustworthy and timely health and medical news and information. Providing credible health information, supportive community, and educational services by blending award-winning expertise in content, community services, expert commentary, and medical review.",[],en,News
https://www.mayoclinic.org,"['https://twitter.com/mayoclinic', 'https://www.youtube.com/user/mayoclinic', 'https://www.facebook.com/MayoClinic', 'https://www.linkedin.com/company/mayo-clinic', 'https://www.instagram.com/mayoclinic/']",[],Top-ranked Hospital in the Nation - Mayo Clinic,,[],en,News
https://www.cdc.gov,"['https://www.facebook.com/CDC', 'https://twitter.com/CDCgov', 'https://www.instagram.com/CDCgov', 'https://www.linkedin.com/company/centers-for-disease-control-and-prevention', 'https://www.youtube.com/cdc', 'https://www.pinterest.com/cdcgov']",['jQuery'],Centers for Disease Control and Prevention | CDC,,[],en-us,News
https://www.who.int,"['https://www.youtube.com/user/who?sub_confirmation=1', 'https://twitter.com/intent/follow?source=followbutton&variant=1.0&screen_name=who', 'https://www.facebook.com/WHO', 'https://instagram.com/who', 'https://www.linkedin.com/company/world-health-organization']",[],"
	World Health Organization (WHO)
","The United Nations agency working to promote health, keep the world safe and serve the vulnerable.",[],en,News
https://www.nih.gov,[],[],National Institutes of Health (NIH) | Turning Discovery Into Health,"Official website of the National Institutes of Health (NIH). NIH is one of the world's foremost medical research centers. An agency of the U.S. Department of Health and Human Services, the NIH is the Federal focal point for health and medical research. The NIH website offers health information for the public, scientists, researchers, medical professionals, patients, educators,",[],en,News
https://www.nhs.uk,[],[],,,[],,Other
https://www.cancer.org,"['https://www.facebook.com/fund/AmericanCancerSociety/', 'https://www.facebook.com/fund/AmericanCancerSociety/', 'https://www.facebook.com/fund/AmericanCancerSociety/', 'https://www.facebook.com/fund/AmericanCancerSociety/', 'https://twitter.com/americancancer', 'https://www.instagram.com/americancancersociety/', 'https://www.facebook.com/AmericanCancerSociety']",['jQuery'],"Information and Resources about Cancer: Breast, Colon, Lung, Prostate, Skin   | American Cancer Society","Dedicated to helping people who face cancer. Learn about cancer research, patient services, early detection, treatment and education at cancer.org.",[],en,News
https://www.diabetes.org,"['https://www.facebook.com/AmericanDiabetesAssociation?loc=superfooter', 'https://www.instagram.com/AmDiabetesAssn/', 'https://www.linkedin.com/company/american-diabetes-association/', 'https://twitter.com/AmDiabetesAssn?loc=superfooter', 'https://www.youtube.com/user/AmericanDiabetesAssn']",['Vue.js'],"Diabetes Research, Education, Advocacy | ADA","Leading the fight against the deadly consequences of diabetes for those affected by it through research funding, community services, education and advocacy.",[],en,News
https://www.heart.org,"['https://www.facebook.com/AmericanHeart', 'https://www.instagram.com/american_heart/', 'https://www.youtube.com/user/americanheartassoc', 'https://www.pinterest.com/americanheart/', 'https://www.linkedin.com/company/american-heart-association', 'https://www.facebook.com/AmericanHeart', 'https://www.instagram.com/american_heart/', 'https://www.youtube.com/user/americanheartassoc', 'https://www.linkedin.com/company/american-heart-association', 'https://www.pinterest.com/americanheart/']",[],"American Heart Association | To be a relentless force for a world of longer, healthier lives","Learn more about the American Heart Association's efforts to reduce death caused by heart disease and stroke. Also learn about cardiovascular conditions, ECC and CPR, donating, heart disease information for healthcare professionals, caregivers, and educators and healthy living.",[],en,News
https://www.unicef.org,"['https://www.facebook.com/unicef/', 'https://twitter.com/unicef', 'https://www.instagram.com/unicef/', 'https://www.youtube.com/unicef', 'https://www.linkedin.com/company/unicef/']",[],UNICEF,"UNICEF works in the world’s toughest places to reach the most disadvantaged children and adolescents – and to protect the rights of every child, everywhere.",[],en,News
https://www.un.org,[],[],403 Forbidden,,[],,Other
https://www.worldbank.org,"['https://www.facebook.com/worldbank', 'https://www.twitter.com/worldbank', 'https://www.linkedin.com/company/the-world-bank', 'https://instagram.com/worldbank/', 'https://www.youtube.com/user/WorldBank', 'https://www.facebook.com/worldbank', 'https://www.twitter.com/worldbank', 'https://www.linkedin.com/company/the-world-bank', 'https://instagram.com/worldbank/', 'https://www.youtube.com/user/WorldBank']",['jQuery'],"World Bank Group - International Development, Poverty, & Sustainability","With 189 member countries, the World Bank Group is a unique global partnership fighting poverty worldwide through sustainable solutions. ",[],en,News
https://www.imf.org,[],[],,,[],,Other
https://www.redcross.org,"['/donations/ways-to-donate/fundraise/peer-to-peer-fundraising-toolkit/facebook-challenges.html', '/donations/ways-to-donate/fundraise/peer-to-peer-fundraising-toolkit/facebook-challenges.html', 'https://www.facebook.com/redcross', 'https://twitter.com/redcross', 'https://www.instagram.com/americanredcross/?hl=en']",[],American Red Cross | Help Those Affected by Disasters,Every 8 minutes the American Red Cross responds to an emergency. Support the Red Cross. Join us today by making a donation.,['PayPal'],en,News
https://www.doctorswithoutborders.org,"['https://www.facebook.com/doctorswithoutborders', 'https://www.twitter.com/MSF_USA', 'https://www.instagram.com/doctorswithoutborders', 'https://www.youtube.com/user/MSF', 'https://www.linkedin.com/company/m-decins-sans-fronti-res-msf-', 'https://www.facebook.com/doctorswithoutborders', 'https://www.twitter.com/MSF_USA', 'https://www.instagram.com/doctorswithoutborders', 'https://www.youtube.com/user/MSF', 'https://www.linkedin.com/company/m-decins-sans-fronti-res-msf-', 'https://www.facebook.com/doctorswithoutborders', 'https://www.twitter.com/MSF_USA', 'https://www.instagram.com/doctorswithoutborders', 'https://www.youtube.com/user/MSF', 'https://www.linkedin.com/company/m-decins-sans-fronti-res-msf-']",[],Home | Doctors Without Borders - USA,Médecins Sans Frontières/Doctors Without Borders (MSF) treats people where the need is greatest. We are an international medical humanitarian organisation. We,[],en,News
https://www.amnesty.org,"['https://www.facebook.com/amnesty', 'https://twitter.com/amnesty', 'https://www.youtube.com/user/AmnestyInternational', 'https://instagram.com/amnesty']","['WordPress', 'jQuery', 'React']",Amnesty International,We are a global movement of more than 10 million people in over 150 countries who campaign campaign for a world where human rights are enjoyed by all.,[],en,News
https://www.greenpeace.org,[],[],Greenpeace,Greenpeace,[],en,News
https://www.wwf.org,[],[],,,[],,Other
https://www.savethechildren.org,"['https://www.facebook.com/savethechildren', 'https://twitter.com/savethechildren', 'https://www.instagram.com/savethechildren/', 'https://www.pinterest.com/savethechildren/', 'https://www.youtube.com/c/savethechildren', 'https://www.linkedin.com/company/save-the-children-us']",[],Charity Organization for Children | Donate to Help  | Save the Children,Save the Children is a leading humanitarian organization for children. Our charity has changed the lives of over 1 billion children in the U.S. and around the world. Donate today.,[],en,News
https://www.plan-international.org,"['https://www.facebook.com/planinternational ', 'https://www.instagram.com/planinternational/ ', 'https://www.linkedin.com/company/plan-international ', 'https://twitter.com/planglobal ', 'https://www.youtube.com/user/planinternationaltv ']",['jQuery'],  Plan International ,Plan International advances children's rights and equality for girls in over 80 countries,[],en-GB,News
https://www.oxfam.org,"['https://www.facebook.com/Oxfam', 'https://twitter.com/oxfam', 'https://www.youtube.com/user/oxfaminternational', 'https://www.instagram.com/oxfaminternational/']",[],The future is equal | Oxfam International,Oxfam is an international confederation of 21 NGOs working with partners in over 90 countries to end the injustices that cause poverty.,['Stripe'],en,News
https://www.hrw.org,"['https://twitter.com/hrw', 'https://www.facebook.com/HumanRightsWatch', 'https://www.youtube.com/user/HumanRightsWatch', 'https://www.instagram.com/humanrightswatch/', 'https://www.linkedin.com/company/human-rights-watch/']",[],Human Rights Watch | Defending Human Rights Worldwide,"Human Rights Watch defends the rights of people in 100 countries worldwide, spotlighting abuses and bringing perpetrators to justice",[],en,News
